<?xml version="1.0"?>
<!DOCTYPE hibernate-mapping PUBLIC "-//Hibernate/Hibernate Mapping DTD 3.0//EN"
"http://hibernate.sourceforge.net/hibernate-mapping-3.0.dtd">
<!-- Generated Oct 26, 2014 4:31:23 PM by Hibernate Tools 3.4.0.CR1 -->
<hibernate-mapping>
    <class name="com.learnbyheart.hibernate.bean.Dictionary" table="dictionary" catalog="learnbyheart">
        <id name="id" type="java.lang.Long">
            <column name="_id" />
            <generator class="identity" />
        </id>
        <many-to-one name="user" class="User" fetch="select">
            <column name="user_id" not-null="true" />
        </many-to-one>
        <many-to-one name="language" class="Language" fetch="select">
            <column name="language_id" not-null="true" />
        </many-to-one>
        <property name="name" type="string">
            <column name="name" length="65535" not-null="true" />
        </property>
        <property name="isPublic" type="boolean">
            <column name="is_public" not-null="true" />
        </property>
        <set name="words" table="word" inverse="true" lazy="true" fetch="select">
            <key>
                <column name="dictionary_id" not-null="true" />
            </key>
            <one-to-many class="Word" />
        </set>
    </class>
</hibernate-mapping>
