<?xml version="1.0" encoding="UTF-8"?>
<!DOCTYPE hibernate-configuration PUBLIC
		"-//Hibernate/Hibernate Configuration DTD 3.0//EN"
		"http://hibernate.sourceforge.net/hibernate-configuration-3.0.dtd">
<hibernate-configuration>
    <session-factory name="sessionFactory">
        <property name="hibernate.connection.driver_class">com.mysql.jdbc.Driver</property>
        <property name="hibernate.connection.password">Spzn2xamiwG1sqKMFEBq</property>
        <property name="hibernate.connection.url">jdbc:mysql://localhost:3306/learnbyheart</property>
        <property name="hibernate.connection.username">root</property>
        <property name="hibernate.dialect">org.hibernate.dialect.MySQL5Dialect</property>
    </session-factory>
    
    <!-- Mapping files -->
    <mapping resource="Dictionary.hbm.xml"/>
    <mapping resource="Example.hbm.xml"/>
    <mapping resource="Language.hbm.xml"/>
    <mapping resource="LogExampleNotification.hbm.xml"/>
    <mapping resource="Meaning.hbm.xml"/>
    <mapping resource="Notification.hbm.xml"/>
    <mapping resource="User.hbm.xml"/>
    <mapping resource="UserType.hbm.xml"/>
    <mapping resource="Word.hbm.xml"/>
</hibernate-configuration>
