<?xml version="1.0"?>
<!DOCTYPE hibernate-mapping PUBLIC "-//Hibernate/Hibernate Mapping DTD 3.0//EN"
"http://hibernate.sourceforge.net/hibernate-mapping-3.0.dtd">
<!-- Generated Oct 26, 2014 4:31:23 PM by Hibernate Tools 3.4.0.CR1 -->
<hibernate-mapping>
    <class name="com.learnbyheart.hibernate.bean.Language" table="language" catalog="learnbyheart">
        <id name="id" type="java.lang.Long">
            <column name="_id" />
            <generator class="identity" />
        </id>
        <property name="description" type="string">
            <column name="description" length="65535" not-null="true" />
        </property>
        <property name="code" type="string">
            <column name="code" length="65535" not-null="true" />
        </property>
        <set name="dictionaries" table="dictionary" inverse="true" lazy="true" fetch="select">
            <key>
                <column name="language_id" not-null="true" />
            </key>
            <one-to-many class="Dictionary" />
        </set>
    </class>
</hibernate-mapping>
