<?xml version="1.0"?>
<!DOCTYPE hibernate-mapping PUBLIC "-//Hibernate/Hibernate Mapping DTD 3.0//EN"
"http://hibernate.sourceforge.net/hibernate-mapping-3.0.dtd">
<!-- Generated Oct 26, 2014 4:31:23 PM by Hibernate Tools 3.4.0.CR1 -->
<hibernate-mapping>
    <class name="com.learnbyheart.hibernate.bean.LogExampleNotification" table="log_example_notification" catalog="learnbyheart">
        <id name="id" type="java.lang.Long">
            <column name="_id" />
            <generator class="identity" />
        </id>
        <many-to-one name="example" class="Example" fetch="select">
            <column name="example_id" not-null="true" />
        </many-to-one>
        <many-to-one name="notification" class="Notification" fetch="select">
            <column name="notification_id" not-null="true" />
        </many-to-one>
        <property name="result" type="string">
            <column name="result" length="65535" not-null="true" />
        </property>
        <property name="date" type="timestamp">
            <column name="date" length="19" not-null="true" />
        </property>
    </class>
</hibernate-mapping>
