<?xml version="1.0"?>
<!DOCTYPE hibernate-mapping PUBLIC "-//Hibernate/Hibernate Mapping DTD 3.0//EN"
"http://hibernate.sourceforge.net/hibernate-mapping-3.0.dtd">
<!-- Generated Oct 26, 2014 4:31:23 PM by Hibernate Tools 3.4.0.CR1 -->
<hibernate-mapping>
    <class name="com.learnbyheart.hibernate.bean.Notification" table="notification" catalog="learnbyheart">
        <id name="id" type="java.lang.Long">
            <column name="_id" />
            <generator class="identity" />
        </id>
        <property name="notification" type="string">
            <column name="notification" length="65535" not-null="true" />
        </property>
        <set name="logExampleNotifications" table="log_example_notification" inverse="true" lazy="true" fetch="select">
            <key>
                <column name="notification_id" not-null="true" />
            </key>
            <one-to-many class="LogExampleNotification" />
        </set>
    </class>
</hibernate-mapping>
