<?xml version="1.0"?>
<!DOCTYPE hibernate-mapping PUBLIC "-//Hibernate/Hibernate Mapping DTD 3.0//EN"
"http://hibernate.sourceforge.net/hibernate-mapping-3.0.dtd">
<!-- Generated Oct 26, 2014 4:31:23 PM by Hibernate Tools 3.4.0.CR1 -->
<hibernate-mapping>
    <class name="com.learnbyheart.hibernate.bean.Word" table="word" catalog="learnbyheart">
        <id name="id" type="java.lang.Long">
            <column name="_id" />
            <generator class="identity" />
        </id>
        <many-to-one name="dictionary" class="Dictionary" fetch="select">
            <column name="dictionary_id" not-null="true" />
        </many-to-one>
        <property name="name" type="string">
            <column name="name" length="65535" not-null="true" />
        </property>
        <set name="meanings" table="meaning" inverse="true" lazy="true" fetch="select">
            <key>
                <column name="word_id" not-null="true" />
            </key>
            <one-to-many class="Meaning" />
        </set>
    </class>
</hibernate-mapping>
